DOI,OpenAlex_ID,Description
https://doi.org/10.1017/9781009157940,https://openalex.org/W4281382652,"The Intergovernmental Panel on Climate Change (IPCC) is the leading international body for assessing the science related to climate change. It provides regular assessments of the scientific basis of climate change, its impacts and future risks, and options for adaptation and mitigation. This IPCC Special Report is a comprehensive assessment of our understanding of global warming of 1.5°C, future climate change, potential impacts and associated risks, emission pathways, and system transitions consistent with 1.5°C global warming, and strengthening the global response to climate change in the context of sustainable development and efforts to eradicate poverty. It serves policymakers, decision makers, stakeholders and all interested parties with unbiased, up-to-date, policy-relevant information. This title is also available as Open Access on Cambridge Core."
https://doi.org/10.1017/9781009157940.001,https://openalex.org/W4281385918,"3 Each finding is grounded in an evaluation of underlying evidence and agreement. A level of confidence is expressed using five qualifiers: very low, low, medium, high and very high, and typeset in italics, for example, medium confidence. The following terms have been used to indicate the assessed likelihood of an outcome or a result: virtually certain 99-100% probability, very likely 90-100%, likely 66-100%, about as likely as not 33-66%, unlikely 0-33%, very unlikely 0-10%, exceptionally unlikely 0-1%. Additional terms (extremely likely 95-100%, more likely than not >50-100%, more unlikely than likely 0-<50%, extremely unlikely 0-5%) may also be used when appropriate. Assessed likelihood is typeset in italics, for example, very likely. This is consistent with AR5."
https://doi.org/10.1017/9781009157940.002,https://openalex.org/W4281400632,"A summary is not available for this content so a preview has been provided. As you have access to this content, a full PDF is available via the 'Save PDF' action button."
https://doi.org/10.1017/9781009157940.003,https://openalex.org/W4281383245,"Framing and Context 1 however, could pose challenges especially -but not exclusively -for countries and regions contending with poverty and those requiring significant transformation of their energy systems. This report focuses on 'climate-resilient development pathways', which aim to meet the goals of sustainable development, including climate adaptation and mitigation, poverty eradication and reducing inequalities. But any feasible pathway that remains within 1.5C involves synergies and trade-offs (high confidence). Significant uncertainty remains as to which pathways are more consistent with the principle of equity. {1.1.1, 1.4}"
https://doi.org/10.1017/9781009157940.004,https://openalex.org/W4281383849,"This chapter assesses mitigation pathways consistent with limiting warming to 1.5C above pre-industrial levels. In doing so, it explores the following key questions: What role do CO 2 and non-CO 2 emissions play? {2.2, 2.3, 2.4, 2.6} To what extent do 1.5C pathways involve overshooting and returning below 1.5C during the 21st century? {2.2, 2.3} What are the implications for transitions in energy, land use and sustainable development? {2.3, 2.4, 2.5} How do policy frameworks affect the ability to limit warming to 1.5C? {2.3, 2.5} What are the associated knowledge gaps? {2.6}"
https://doi.org/10.1017/9781009157940.005,https://openalex.org/W4281384098,"This chapter builds on findings of AR5 and assesses new scientific evidence of changes in the climate system and the associated impacts on natural and human systems, with a specific focus on the magnitude and pattern of risks linked for global warming of 1.5C above temperatures in the pre-industrial period. Chapter 3 explores observed impacts and projected risks to a range of natural and human systems, with a focus on how risk levels change from 1.5C to 2C of global warming. The chapter also revisits major categories of risk (Reasons for Concern, RFC) based on the assessment of new knowledge that has become available since AR5."
https://doi.org/10.1017/9781009157940.006,https://openalex.org/W2935948450,"A summary is not available for this content so a preview has been provided. As you have access to this content, a full PDF is available via the 'Save PDF' action button."
https://doi.org/10.1017/9781009157940.007,https://openalex.org/W2902431294,"This chapter takes sustainable development as the starting point&#13;\nand focus for analysis. It considers the broad and multifaceted&#13;\nbi-directional interplay between sustainable development, including&#13;\nits focus on eradicating poverty and reducing inequality in their&#13;\nmultidimensional aspects, and climate actions in a 1.5°C warmer world.&#13;\nThese fundamental connections are embedded in the Sustainable&#13;\nDevelopment Goals (SDGs). The chapter also examines synergies&#13;\nand trade-offs of adaptation and mitigation options with sustainable&#13;\ndevelopment and the SDGs and offers insights into possible pathways,&#13;\nespecially climate-resilient development pathways towards a 1.5°C&#13;\nwarmer world."
https://doi.org/10.1017/9781009157988,https://openalex.org/W4309402431,"The Intergovernmental Panel on Climate Change (IPCC) is the leading international body for assessing the science related to climate change. It provides policymakers with regular assessments of the scientific basis of human-induced climate change, its impacts and future risks, and options for adaptation and mitigation. This IPCC Special Report on Climate Change and Land (SRCCL) is the most comprehensive and up-to-date scientific assessment of the multiple interactions between climate change and land, assessing climate change, desertification, land degradation, sustainable land management, food security, and greenhouse gas fluxes in terrestrial ecosystems. It assesses the options for governance and decision-making across multiple scales. It serves policymakers, decision makers, stakeholders, and all interested parties with unbiased, up-to-date, policy-relevant information. This title is also available as Open Access on Cambridge Core."
https://doi.org/10.1017/9781009157988.001,https://openalex.org/W4309372022,Vegetation greening is defined in this report as 'an increase in photosynthetically active plant biomass which is inferred from satellite observations'. 17 CO 2 fertilisation is defined in this report as 'the enhancement of plant growth as a result of increased atmospheric carbon dioxide (CO 2 ) concentration'. The magnitude of CO 2 fertilisation depends on nutrients and water availability. 18 Vegetation browning is defined in this report as 'a decrease in photosynthetically active plant biomass which is inferred from satellite observations'.
https://doi.org/10.1017/9781009157988.002,https://openalex.org/W4309402493,Figure TS.2 | Land use and observed climate change: A representation of the principal land challenges and land-climate system processes covered in this assessment report. Land use and observed climate change 1 2 3 Prevalence of overweight + obese 4 Prevalence of underweight Total calories per capita Population CHANGE in EMISSIONS since 1961
https://doi.org/10.1017/9781009157988.003,https://openalex.org/W4309402413,Chapter 1 Framing and context 1 Land use and observed climate change 1 2 3 Prevalence of overweight + obese 4 Prevalence of underweight
https://doi.org/10.1017/9781009157988.004,https://openalex.org/W3092635909,"Land and climate interact in complex ways through changes in forcing and multiple biophysical and biogeochemical feedbacks across different spatial and temporal scales. This chapter assesses climate impacts on land and land impacts on climate, the human contributions to these changes, as well as land-based adaptation and mitigation response options to combat projected climate changes."
https://doi.org/10.1017/9781009157988.005,https://openalex.org/W4309402514,"A summary is not available for this content so a preview has been provided. As you have access to this content, a full PDF is available via the ‘Save PDF’ action button."
https://doi.org/10.1017/9781009157988.006,https://openalex.org/W4309402409,"A summary is not available for this content so a preview has been provided. As you have access to this content, a full PDF is available via the ‘Save PDF’ action button."
https://doi.org/10.1017/9781009157988.007,https://openalex.org/W4309402428,"change dynamics such as deforestation and peatland degradation, generating 4.9 2.5 GtCO2 yr -1 . Using 100-year GWP values (no climate feedback) from the IPCC AR5, this implies that total GHG emissions from agriculture were 6.2 1.4 GtCO2-eq yr -1 , increasing to 11.1 2.9 GtCO2-eq yr -1 including relevant land use. Without intervention, these are likely to increase by about 30-40% by 2050, due to increasing demand based on population and income growth and dietary change (high confidence). {5.4} Supply-side practices can contribute to climate change mitigation by reducing crop and livestock emissions, sequestering carbon in soils and biomass, and by decreasing emissions intensity within sustainable production systems (high confidence). Total technical mitigation potential from crop and livestock activities and agroforestry is estimated as 2.3-9.6 GtCO2-eq yr -1 by 2050 (medium confidence). Options with large potential for GHG mitigation in cropping systems include soil carbon sequestration (at decreasing rates over time), reductions in N2O emissions from fertilisers, reductions in CH4 emissions from paddy rice, and bridging of yield gaps. Options with large potential for mitigation in livestock systems include better grazing land management, with increased net primary production and soil carbon stocks, improved manure management, and higher-quality feed. Reductions in GHG emissions intensity (emissions per unit product) from livestock can support reductions in absolute emissions, provided appropriate governance to limit total production is implemented at the same time (medium confidence). {5.5.1}"
https://doi.org/10.1017/9781009157988.008,https://openalex.org/W4309402499,"Many of the response options considered are sustainable land management options, but several response options are not based on land management -for example, those based on value chain management and governance and risk management options."
https://doi.org/10.1017/9781009157988.009,https://openalex.org/W3002866211,"Increases in global mean surface temperature are projected to result in continued permafrost degradation and coastal degradation (high confidence), increased wildfire, decreased crop yields in low latitudes, decreased food stability, decreased water availability, vegetation loss (medium confidence), decreased access to food and increased soil erosion (low confidence). There is high agreement and high evidence that increases in global mean temperature will result in continued increase in global vegetation loss, coastal degradation, as well as decreased crop yields in low latitudes, decreased food stability, decreased access to food and nutrition, and medium confidence in continued permafrost degradation and water scarcity in drylands. Impacts are already observed across all components (high confidence). Some processes may experience irreversible impacts at lower levels of warming than others. There are high risks from permafrost degradation, and wildfire, coastal degradation, stability of food systems at 1.5C while high risks from soil erosion, vegetation loss and changes in nutrition only occur at higher temperature thresholds due to increased possibility for adaptation (medium confidence). {7.2.2.1, 7.2.2.2, 7.2.2.3; 7.2.2.4; 7.2.2.5; 7.2.2.6; 7.2.2.7; Figure 7.1} These changes result in compound risks to food systems, human and ecosystem health, livelihoods, the viability of infrastructure, and the value of land (high confidence). The experience and dynamics of risk change over time as a result of both human and natural processes (high confidence). There is high confidence that climate and land changes pose increased risks at certain periods of life (i.e., to the very young and ageing populations) as well as sustained risk to those living in poverty. Response options may also increase risks. For example, domestic efforts to insulate populations from food price spikes associated with climatic stressors in the mid-2000s inadequately prevented food insecurity and poverty, and worsened poverty globally. {7.2.1, 7.2.2, 7.3, Table"
https://doi.org/10.1017/9781009157964,https://openalex.org/W4210363077,"The Intergovernmental Panel on Climate Change (IPCC) is the leading international body for assessing the science related to climate change. It provides policymakers with regular assessments of the scientific basis of human-induced climate change, its impacts and future risks, and options for adaptation and mitigation. This IPCC Special Report on the Ocean and Cryosphere in a Changing Climate is the most comprehensive and up-to-date assessment of the observed and projected changes to the ocean and cryosphere and their associated impacts and risks, with a focus on resilience, risk management response options, and adaptation measures, considering both their potential and limitations. It brings together knowledge on physical and biogeochemical changes, the interplay with ecosystem changes, and the implications for human communities. It serves policymakers, decision makers, stakeholders, and all interested parties with unbiased, up-to-date, policy-relevant information. This title is also available as Open Access on Cambridge Core."
https://doi.org/10.1017/9781009157964.001,https://openalex.org/W4210811321,"A summary is not available for this content so a preview has been provided. As you have access to this content, a full PDF is available via the ‘Save PDF’ action button."
https://doi.org/10.1017/9781009157964.002,https://openalex.org/W4210767500,"A summary is not available for this content so a preview has been provided. As you have access to this content, a full PDF is available via the 'Save PDF' action button."
https://doi.org/10.1017/9781009157964.003,https://openalex.org/W4210320361,"This special report assesses new knowledge since the IPCC 5th Assessment Report (AR5) and the Special Report on Global Warming of 1.5C (SR15) on how the ocean and cryosphere have and are expected to change with ongoing global warming, the risks and opportunities these changes bring to ecosystems and people, and mitigation, adaptation and governance options for reducing future risks. Chapter 1 provides context on the importance of the ocean and cryosphere, and the framework for the assessments in subsequent chapters of the report."
https://doi.org/10.1017/9781009157964.004,https://openalex.org/W4210731414,"The cryosphere (including, snow, glaciers, permafrost, lake and river ice) is an integral element of high mountain regions, which are home to roughly 10% of the global population.Widespread cryosphere changes affect physical, biological and human systems in the mountains and surrounding lowlands, with impacts evident even in the ocean.Building on the IPCC's 5th Assessment Report (AR5), this chapter assesses new evidence on observed recent and projected changes in the mountain cryosphere as well as associated impacts, risks and adaptation measures related to natural and human systems.Impacts in response to climate changes independently of changes in the cryosphere are not assessed in this chapter.Polar mountains are included in Chapter 3, except those in Alaska and adjacent Yukon, Iceland and Scandinavia, which are included in this chapter. Observations of cryospheric changes, impacts, and adaptation in high mountain areasObservations show general decline in low-elevation snow cover (high confidence 1 ), glaciers (very high confidence) and permafrost (high confidence) due to climate change in recent decades.Snow cover duration has declined in nearly all regions, especially at lower elevations, on average by 5 days per decade, with a likely 2 range from 0-10 days per decade.Low elevation snow depth and extent have declined, although year-to-year variation is high.Mass change of glaciers in all mountain regions (excluding the Canadian and Russian Arctic, Svalbard, Greenland and Antarctica) was very likely -490 100 kg m -2 yr -1 (-123 24 Gt yr -1 ) in 2006-2015.Regionally averaged mass budgets were likely most negative (less than -850 kg m -2 yr -1 ) in the southern Andes, Caucasus and the European Alps/Pyrenees, and least negative in High Mountain Asia (-150 110 kg m -2 yr -1 ) but variations within regions are strong.Between 3.6-5.2 million km 2 are underlain by permafrost in the eleven high mountain regions covered in this chapter corresponding to 27-29% of the global permafrost area (medium confidence).Sparse and unevenly distributed measurements show an increase in permafrost temperature (high confidence), for example, by 0.19C 0.05C on average for about 28 locations in the European Alps, Scandinavia, Canada and Asia during the past decade.Other observations reveal decreasing permafrost thickness and loss of ice in the ground.{2.2.2, 2.2.3, 2.2.4}Glacier, snow and permafrost decline has altered the frequency, magnitude and location of most related natural hazards (high confidence).Exposure of people and infrastructure to natural hazards has increased due to growing population, tourism and 1 In this report, the following summary terms are used to describe the available evidence: limited, medium, or robust; and for the degree of agreement: low, medium or high.A level of confidence is expressed using five qualifiers: very low, low, medium, high and very high, and typeset in italics, for example, medium confidence.For a given evidence and agreement statement, different confidence levels can be assigned, but increasing levels of evidence and degrees of agreement are correlated with increasing confidence (see Section 1.9.2 and Figure 1.4 for more details). 2In this report, the following terms have been used to indicate the assessed likelihood of an outcome or"
https://doi.org/10.1017/9781009157964.005,https://openalex.org/W4210623669,"This chapter assesses the state of physical, biological and social knowledge concerning the Arctic and Antarctic ocean and cryosphere, how they are affected by climate change, and how they will evolve in future.Concurrently, it assesses the local, regional and global consequences and impacts of individual and interacting polar system changes, and it assesses response options to reduce risk and build resilience in the polar regions.Key findings are:(1979-2018).While the drivers of historical decadal variability are known with medium confidence, there is currently limited evidence and low agreement concerning causes of the strong recent decrease (2016)(2017)(2018), and low confidence in the ability of current-generation climate models to reproduce and explain the observations.{3.2.1.1}Shipping activity during the Arctic summer increased over the past two decades in regions for which there is information, concurrent with reductions in sea ice extent (high confidence).Transit times across the Northern Sea Route have shortened due to lighter ice conditions, and while long-term, pan-Arctic datasets are incomplete, the distance travelled by ships in Arctic Canada nearly tripled during 1990-2015 (high confidence).Greater levels of Arctic ship-based transportation and tourism have socioeconomic and political implications for global trade, northern nations, and economies linked to traditional shipping corridors; they will also exacerbate region specific risks for marine ecosystems and coastal communities if further action to develop and adequately implement regulations does not keep pace with increased shipping (high confidence).{3.2.1.1;3.2.4.2; 3.2.4.3; 3.4.3.3.2;3.5.2 .7}Permafrost temperatures have increased to record high levels (very high confidence), but there is medium evidence and low agreement that this warming is currently causing northern permafrost regions to release additional methane and carbon dioxide.During 2007-2016, continuous-zone permafrost temperatures in the Arctic and Antarctic increased by 0.39 0.15C and 0.37 0.10C respectively.Arctic and boreal permafrost region soils contain 1460-1600 Gt organic carbon (medium confidence).Changes in permafrost influence global climate through emissions of carbon dioxide and methane released from the microbial breakdown of organic carbon, or the release of trapped methane.{3.4.1; 3.4.3}Climate-related changes to Arctic hydrology, wildfire and abrupt thaw are occurring (high confidence), with impacts on vegetation and water and food security.Snow and lake ice cover has declined, with June snow extent decreasing 13.4 5.4% per decade (1967-2018) (high confidence).Runoff into the Arctic Ocean increased for Eurasian and North American rivers by 3.3 1.6% and 2.0 1.8% respectively (1976-2017; medium confidence).Area burned and frequency of fires (including extreme fires) are unprecedented over the last 10,000 years (high confidence).There has been an overall greening of the tundra biome, but also browning in some regions of tundra and boreal forest, and changes in the abundance and distribution of animals including reindeer and salmon (high confidence).Together, these impact access to (and food availability within) herding, hunting, fishing, forage and gathering areas, affecting the livelihood, health and cultural identity of residents including Indigenous peoples (high confidence).{3.4.1; 3.4.3;3.5.2}Limited knowledge, financial resources, human capital and organisational capacity are constraining adaptation in many human sectors in the Arctic (high confidence).Harvesters of renewable resources are adjusting timing of activities to changes in seasonality and less safe ice travel conditions.Municipalities the mass of glaciers.Important differences in the trajectories of loss emerge from 2050 onwards, depending on mitigation measures taken (high confidence).For stabilised global warming of 1.5C, an approximately 1% chance of a given September being sea ice free at the end of century is projected; for stabilised warming at a 2C increase, this rises to 10-35% (high confidence).The potential for reduced (further 5-10%) but stabilised Arctic autumn and spring snow extent by mid-century for Representative Concentration Pathway (RCP)2.6 contrasts with continued loss under RCP8.5 (a further 15-25% reduction to end of century) (high confidence).Projected mass reductions for polar glaciers between 2015 and 2100 range from 16 7% for RCP2.6 to 33 11% for RCP8.5 (medium confidence).{3.2.2; 3.3.2;3.4.2,Cross-Chapter Box 6 in Chapter 2}Both polar oceans will be increasingly affected by CO2 uptake, causing conditions corrosive for calcium carbonate shell-producing organisms (high confidence), with associated impacts on marine organisms and ecosystems (medium confidence).It is very likely that both the Southern Ocean and the Arctic Ocean will experience year-round conditions of surface water undersaturation for mineral forms of calcium carbonate by 2100 under RCP8.5;under RCP2.6 the extent of undersaturated waters are reduced markedly.Imperfect representation of local processes and sea ice interaction in global climate models limit the ability to project the response of specific polar areas and the precise timing of undersaturation at seasonal scales.Differences in sensitivity and the scope for adaptation to projected levels of ocean acidification exist across a broad range of marine species groups.{3.2.1; 3.2.2.3; 3.2.3}Future climate-induced changes in the polar oceans, sea ice, snow and permafrost will drive habitat and biome shifts, with associated changes in the ranges and abundance of ecologically important species (medium confidence).Projected shifts will include further habitat contraction and changes in abundance for polar species, including marine mammals, birds, fish, and Antarctic krill (medium confidence).Projected range expansion of subarctic marine species will increase pressure for high-Arctic species (medium confidence), with regionally variable impacts.Continued loss of Arctic multi-year sea ice will affect ice-related and pelagic primary production (high confidence), with impacts for whole ice-associated, seafloor and open ocean ecosystems.On Arctic land, projections indicate a loss of globally unique biodiversity as some high Arctic species will be outcompeted by more temperate species and very limited refugia exist (medium confidence).Woody shrubs and trees are projected to expand, covering 24-52% of the current tundra region by 2050.{3.2.2.1; 3.2.3;3.2.3.1;Box 3.4; 3.4.2;3.4.3}The projected effects of climate-induced stressors on polar marine ecosystems present risks for commercial and subsistence fisheries with implications for regional economies, cultures and the global supply of fish, shellfish, and Antarctic krill (high confidence).Future impacts for linked human systems depend on the level of mitigation and especially the responsiveness of precautionary management approaches (medium confidence).Polar regions support several of the world's largest commercial fisheries.Specific impacts on the stocks and economic value in both regions will depend on future climate change and on the strategies employed to manage the effects on stocks and ecosystems (medium confidence).Under high emission scenarios current management strategies of some high-value stocks may not sustain current catch levels in the future (low confidence); this exemplifies the limits to the ability of existing natural resource management frameworks to address ecosystem change.Adaptive management that combines annual measures and within-season provisions informed by assessments of future ecosystem trends reduces the risks of negative climate change impacts on polar fisheries (medium confidence).{3.2.4; 3.5.2;3.5."
https://doi.org/10.1017/9781009157964.006,https://openalex.org/W4210654828,"This chapter assesses past and future contributions to global, regional and extreme sea level changes, associated risk to low-lying islands, coasts, cities, and settlements, and response options and pathways to resilience and sustainable development along the coast. ObservationsGlobal mean sea level (GMSL) is rising (virtually certain 1 ) and accelerating (high confidence 2 ).The sum of glacier and ice sheet contributions is now the dominant source of GMSL rise (very high confidence).GMSL from tide gauges and altimetry observations increased from 1.4 mm yr -1 over the period 1901-1990 to 2.1 mm yr -1 over the period 1970-2015 to 3.2 mm yr -1 over the period 1993-2015 to 3.6 mm yr -1 over the period 2006-2015 (high confidence).The dominant cause of GMSL rise since 1970 is anthropogenic forcing (high confidence).{4.2.2.1.1,4.2.2.2} GMSL was considerably higher than today during past climate states that were warmer than pre-industrial, including the Last Interglacial (LIG; 129-116 ka), when global mean surface temperature was 0.5C-1.0Cwarmer, and the mid-Pliocene Warm Period (mPWP; ~3.3 to 3.0 million years ago), 2C-4C warmer.Despite the modest global warmth of the Last Interglacial, GMSL was likely 6-9 m higher, mainly due to contributions from the Greenland and Antarctic ice sheets (GIS and AIS, respectively), and unlikely more than 10m higher (medium confidence).Based on new understanding about geological constraints since the IPCC 5th Assessment Report (AR5), 25 m is a plausible upper bound on GMSL during the mPWP (low confidence).Ongoing uncertainties in palaeo sea level reconstructions and modelling hamper conclusions regarding the total magnitudes and rates of past sea level rise (SLR).Furthermore, the long (multi-millennial) time scales of these past climate and sea level changes, and regional climate influences from changes in Earth's orbital configuration and climate system feedbacks, lead to low confidence in direct comparisons with near-term future changes.{Cross-Chapter Box 5 in Chapter 1, 4.2.2, 4.2.2.1, 4.2.2.5, SM 4.1} Non-climatic anthropogenic drivers, including recent and historical demographic and settlement trends and anthropogenic subsidence, have played an important role in increasing low-lying coastal communities' exposure and vulnerability to SLR and extreme sea level (ESL) events (very high confidence).In coastal deltas, for example, these drivers have altered freshwater and sediment availability (high confidence).In 1 Each finding is grounded in an evaluation of underlying evidence and agreement.A level of confidence is expressed using five qualifiers: very low, low, medium, high and very high, and typeset in italics, e.g., medium confidence.The following terms have been used to indicate the assessed likelihood of an outcome or a result: virtually certain 99-100% probability, very likely 90-100%, likely 66-100%, about as likely as not 33-66%, unlikely 0-33%, very unlikely 0-10%, exceptionally unlikely 0-1%.Assessed likelihood is typeset in italics, e.g., very likely.This is consistent with AR5 and the other AR6 Special Reports.Additional terms (extremely likely 95-100%, more likely than not >50-100%, more unlikely than likely 0-<50%, extremely unlikely 0-5%) are used when appropriate.This Report also uses the term 'likely range' or 'very likely range' to indicate that the assessed likelihood of an outcome lies within the 17-83% or 5-95% probability range.For more details see {1.9.2, Figure 1.4}. 2Statements about uncertainty in Section 4.2 are contingent upon the RCP or other emissions assumptions that accompany them.In Section 4.4, the entirety of information facing a decision maker is taken into consideration, including the unknown path of future emissions, in assessing uncertainty.Depending on which perspective is chosen, uncertainty may or may not be characterised as 'deep'.low-lying coastal areas more broadly, human-induced changes can be rapid and modify coastlines over short periods of time, outpacing the effects of SLR (high confidence).Adaptation can be undertaken in the short-to medium-term by targeting local drivers of exposure and vulnerability, notwithstanding uncertainty about local SLR impacts in coming decades and beyond (high confidence).{4.2.2.4,4.3.1,4.3.2.2, 4.3.2.3} Coastal ecosystems are already impacted by the combination of SLR, other climate-related ocean changes, and adverse effects from human activities on ocean and land (high confidence).Attributing such impacts to SLR, however, remains challenging due to the influence of other climate-related and non-climatic drivers such as infrastructure development and human-induced habitat degradation (high confidence).Coastal ecosystems, including saltmarshes, mangroves, vegetated dunes and sandy beaches, can build vertically and expand laterally in response to SLR, though this capacity varies across sites (high confidence).These ecosystems provide important services that include coastal protection and habitat for diverse biota.However, as a consequence of human actions that fragment wetland habitats and restrict landward migration, coastal ecosystems progressively lose their ability to adapt to climate-induced changes and provide ecosystem services, including acting as protective barriers (high confidence). {4.3.2.3}Coastal risk is dynamic and increased by widely observed changes in coastal infrastructure, community livelihoods, agriculture and habitability (high confidence).As with coastal ecosystems, attribution of observed changes and associated risk to SLR remains challenging.Drivers and processes inhibiting attribution include demographic, resource and land use changes and anthropogenic subsidence.{4.3.3, 4. 3.4}A diversity of adaptation responses to coastal impacts and risks have been implemented around the world, but mostly as a reaction to current coastal risk or experienced disasters (high confidence).Hard coastal protection measures (dikes, embankments, sea walls and surge barriers) are widespread, providing predictable levels of safety in northwest Europe, East Asia, and around many coastal cities and deltas.Ecosystem-based adaptation (EbA) is continuing to gain traction worldwide, providing multiple co-benefits, but there is still low agreement on its cost and long-term effectiveness.Advance, which refers to the creation of new land by building into the sea (e.g., land reclamation), has a long history in most areas where there are dense coastal populations.Accommodation measures, such as early warning systems (EWS) for ESL events, are widespread.Retreat is observed but largely restricted"
https://doi.org/10.1017/9781009157964.007,https://openalex.org/W4210691114,"A summary is not available for this content so a preview has been provided. As you have access to this content, a full PDF is available via the ‘Save PDF’ action button."
https://doi.org/10.1017/9781009157964.008,https://openalex.org/W4210611443,"This chapter assesses extremes and abrupt or irreversible changes in the ocean and cryosphere in a changing climate, to identify regional hot spots, cascading effects, their impacts on human and natural systems, and sustainable and resilient risk management strategies.It is not comprehensive in terms of the systems assessed and some information on extremes, abrupt and irreversible changes, in particular for the cryosphere, may be found in other chapters. Ongoing and Emerging Changes in the Ocean and Cryosphere, and their Impacts on Ecosystems and Human SocietiesAnthropogenic climate change has increased observed precipitation (medium confidence), winds (low confidence), and extreme sea level events (high confidence) associated with some tropical cyclones, which has increased intensity of multiple extreme events and associated cascading impacts (high confidence).Anthropogenic climate change may have contributed to a poleward migration of maximum tropical cyclone intensity in the western North Pacific in recent decades related to anthropogenically-forced tropical expansion (low confidence).There is emerging evidence for an increase in the annual global proportion of Category 4 or 5 tropical cyclones in recent decades (low confidence).{6.3, Table 6.2, Figure 6.2, Box 6.1} Changes in Arctic sea ice have the potential to influence mid-latitude weather (medium confidence), but there is low confidence in the detection of this influence for specific weather types.{6.3} Extreme wave heights, which contribute to extreme sea level events, coastal erosion and flooding, have increased in the Southern and North Atlantic Oceans by around 1.0 cm yr -1 and 0.8 cm yr -1 over the period 1985-2018 (medium confidence).Sea ice loss in the Arctic has also increased wave heights over the period 1992-2014 (medium confidence).{6.3}Marine heatwaves (MHWs), periods of extremely high ocean temperatures, have negatively impacted marine organisms and ecosystems in all ocean basins over the last two decades, including critical foundation species such as corals, seagrasses and kelps (very high confidence).Globally, marine heat related events have increased; marine heatwaves, defined when the daily sea surface temperature exceeds the local 99th percentile over the period 1982 to 2016, have doubled in frequency and have become longerlasting, more intense and more extensive (very likely).It is very likely that between 84-90% of marine heatwaves that occurred between 2006 and 2015 are attributable to the anthropogenic temperature increase.{6.4,Figures 6.3, 6.4}Both palaeoclimate and modern observations suggest that the strongest El Nio and La Nia events since the pre-industrial period have occurred during the last fifty years (medium confidence).There have been three occurrences of extreme El Nio events during the modern observational period (1982-1983, 1997-1998, 2015-2016), all characterised by pronounced rainfall in the normally dry equatorial East Pacific.There have been two occurrences of extreme La Nia (1988)(1989)(1998)(1999).El Nio and La Nia variability during the last 50 years is unusually high compared with average variability during the last millennium.{6.5, Figure 6.5}The equatorial Pacific trade wind system experienced an unprecedented intensification during 2001-2014, resulting in enhanced ocean heat transport from the Pacific to the Indian Ocean, influencing the rate of global temperature change (medium confidence).In the last two decades, total water transport from the Pacific to the Indian Ocean by the Indonesian Throughflow (ITF), and the Indian Ocean to Atlantic Ocean has increased (high confidence).Increased ITF has been linked to Pacific cooling trends and basin-wide warming trends in the Indian Ocean.Pacific sea surface temperature (SST) cooling trends and strengthened trade winds have been linked to an anomalously warm tropical Atlantic.{6.6, Figure 6.7} Observations, both in situ (2004-2017) and based on sea surface temperature reconstructions, indicate that the Atlantic Meridional Overturning Circulation (AMOC) has weakened relative to 1850-1900 (medium confidence).There is insufficient data to quantify the magnitude of the weakening, or to properly attribute it to anthropogenic forcing due to the limited length of the observational record.Although attribution is currently not possible, CMIP5 model simulations of the period 1850-2015, on average, exhibit a weakening AMOC when driven by anthropogenic forcing.{6.7, Figure 6.8} Climate change is modifying multiple types of climate-related events or hazards in terms of occurrence, intensity and periodicity.It increases the likelihood of compound hazards that comprise simultaneously or sequentially occurring events to cause extreme impacts in natural and human systems.Compound events in turn trigger cascading impacts (high confidence)."
https://doi.org/10.1017/9781009157964.009,https://openalex.org/W4210459585,"Ocean and cryosphere changes already impact Low-Lying Islands and Coasts (LLIC), including Small Island Developing States (SIDS), with cascading and compounding risks. Disproportionately higher risks are expected in the course of the 21st century. Reinforcing the findings of the IPCC Special Report on Global Warming of 1.5C, vulnerable human communities, especially those in coral reef environments and polar regions, may exceed adaptation limits well before the end of this century and even in a low greenhouse gas emission pathway (high confidence 1 ). Depending on the effectiveness of 21st century mitigation and adaptation pathways under all emission scenarios, most of the low-lying regions around the world may face adaptation limits beyond 2100, due to the long-term commitment of sea level rise (medium confidence). LLIC host around 11% of the global population, generate about 14% of the global Gross Domestic Product and comprise many world cultural heritage sites. LLIC already experience climate-related ocean and cryosphere changes (high confidence), and they share both commonalities in their exposure and vulnerability to climate change (e.g., low elevation, human disturbances to terrestrial and marine ecosystems), and context-specificities (e.g., variable ecosystem climate sensitivities and risk perceptions by populations). Options to adapt to rising seas, e.g., range from hard engineering to ecosystem-based measures, and from securing current settings to relocating people, built assets and activities. Effective combinations of measures vary across geographies (cities and megacities, small islands, deltas and Arctic coasts), and reflect the scale of observed and projected impacts, ecosystems' and societies' adaptive capacity, and the existence of transformational governance (high confidence) {Sections 3.5.3, 4.4.2 to 4.4.5, 5.5.2, 6.8, 6.9, In this Report, the following summary terms are used to describe the available evidence: limited, medium, or robust; and for the degree of agreement: low, medium, or high. A level of confidence is expressed using five qualifiers: very low, low, medium, high, and very high, and typeset in italics, e.g., medium confidence. For a given evidence and agreement statement, different confidence levels can be assigned, but increasing levels of evidence and degrees of agreement are correlated with increasing confidence (see Section 1.9.2 and Figure"
https://doi.org/10.59327/IPCC/AR6-9789291691647,https://openalex.org/W4385118605,"The Synthesis Report (SYR) is a stand-alone synthesis of the most policy-relevant evidence from the scientific, technical, and socio-economic literature assessed in the Sixth Assessment Report (AR6) of the Intergovernmental Panel on Climate Change (IPCC). The SYR distils and integrates the main findings of the three reports of the Working Groups of the IPCC during the AR6, and the three AR6 Special Reports into a concise document. It consists of a Summary for Policymakers and a longer report."
https://doi.org/10.59327/IPCC/AR6-9789291691647.001,https://openalex.org/W4385123314,"The Summary for Policymakers (SPM) of the Synthesis Report (SYR) of the Sixth Assessment Report (AR6) of the Intergovernmental Panel on Climate Change (IPCC), is a component of the SYR which provides a policy-relevant but policy-neutral summary of the SYR. It is consistent with the Sections of the SYR and is approved line by line by the Governments at a plenary session of the Intergovernmental Panel on Climate Change."
https://doi.org/10.59327/IPCC/AR6-9789291691647,https://openalex.org/W4385118605,"The Synthesis Report (SYR) is a stand-alone synthesis of the most policy-relevant evidence from the scientific, technical, and socio-economic literature assessed in the Sixth Assessment Report (AR6) of the Intergovernmental Panel on Climate Change (IPCC). The SYR distils and integrates the main findings of the three reports of the Working Groups of the IPCC during the AR6, and the three AR6 Special Reports into a concise document. It consists of a Summary for Policymakers and a longer report."
https://doi.org/10.1017/9781009157896,https://openalex.org/W4382363623,"The Working Group I contribution to the Sixth Assessment Report of the Intergovernmental Panel on Climate Change (IPCC) provides a comprehensive assessment of the physical science basis of climate change. It considers in situ and remote observations; paleoclimate information; understanding of climate drivers and physical, chemical, and biological processes and feedbacks; global and regional climate modelling; advances in methods of analyses; and insights from climate services. It assesses the current state of the climate; human influence on climate in all regions; future climate change including sea level rise; global warming effects including extremes; climate information for risk assessment and regional adaptation; limiting climate change by reaching net zero carbon dioxide emissions and reducing other greenhouse gas emissions; and benefits for air quality. The report serves policymakers, decision makers, stakeholders, and all interested parties with the latest policy-relevant information on climate change. Available as Open Access on Cambridge Core."
https://doi.org/10.1017/9781009157896.001,https://openalex.org/W4382358979,This Summary for Policymakers (SPM) presents key findings of the Working Group I (WGI) contribution to the Intergovernmental Panel on Climate Change (IPCC) Sixth Assessment Report (AR6)1 on the physical science basis of climate change. The report builds upon the 2013 Working Group I contribution to the IPCC’s Fifth Assessment Report (AR5) and the 2018–2019 IPCC Special Reports of the AR6 cycle and incorporates subsequent new evidence from climate science
https://doi.org/10.1017/9781009157896.002,https://openalex.org/W4382358677,"A summary is not available for this content so a preview has been provided. As you have access to this content, a full PDF is available via the 'Save PDF' action button."
https://doi.org/10.1017/9781009157896.003,https://openalex.org/W4382358721,"Working Group I (WGI) of the Intergovernmental Panel on Climate&#13;\nChange (IPCC) assesses the current evidence on the physical science of climate change, evaluating knowledge gained from observations, reanalyses, paleoclimate archives and climate model simulations, as well as physical, chemical and biological climate processes. This chapter sets the scene for the WGI Assessment, placing it in the context of ongoing global and regional changes, international policy responses, the history of climate science and the evolution from previous IPCC assessments, including the Special Reports prepared as part of this Assessment Cycle. This chapter presents key concepts and methods, relevant recent developments, and the modelling and scenario framework used in this Assessment."
https://doi.org/10.1017/9781009157896.004,https://openalex.org/W4382358980,"Chapter 2 assesses observed large-scale changes in climate system drivers, key climate indicators and principal modes of variability. Chapter 3 considers model performance and detection/attribution, and Chapter 4 covers projections for a subset of these same indicators and modes of variability. Collectively, these chapters provide the basis for later chapters, which focus upon processes and regional changes.&#13;\nWithin Chapter 2, changes are assessed from in situ and remotely sensed data and products and from indirect evidence of longer-term changes based upon a diverse range of climate proxies. The time-evolving availability of observations and proxy information dictate the periods that can be assessed. Wherever possible, recent changes are assessed for their significance in a longer-term context, including target proxy periods, both in terms of mean state and rates of change."
https://doi.org/10.1017/9781009157896.005,https://openalex.org/W3196490087,"Climate either from the earth as a whole or in one country or location is often described as the weather recorded over a long period. It is defined in terms of long-term averages and other weather statistics, including frequencies of extreme events. The climate is far from static. As the weather changes daily, the climate changes, over a period of several years, decades, and millennia and longer, corresponding to the geological history of the earth. These changes, caused by internal and external factors for the climate system, are naturally intrinsic to the climate itself. However, not all climate change is caused by natural processes. People also exercised influence. By building cities and changing land use patterns, people have changed the climate on a local scale. Through a series of industrial-era activities in the mid-19th century, such as the accelerated use of fossil fuels and land deforestation that changes, people have also contributed to the greenhouse effect. This increased greenhouse effect leads to an increase in atmospheric concentrations of greenhouse gases, such as carbon dioxide and methane, and is generally considered responsible for the observed increase in global average temperatures."
https://doi.org/10.1017/9781009157896.006,https://openalex.org/W4382358676,"This chapter assesses simulations of future global climate change, spanning time horizons from the near term (2021–2040), mid-term (2041–2060), and long term (2081–2100) out to the year 2300. Changes are assessed relative to both the recent past (1995–2014) and the 1850–1900 approximation to the pre-industrial period."
https://doi.org/10.1017/9781009157896.007,https://openalex.org/W3207732688,International audience
https://doi.org/10.1017/9781009157896.008,https://openalex.org/W4382358634,"Short-lived climate forcers (SLCFs) affect climate and are, in most cases, also air pollutants. They include aerosols (sulphate, nitrate, ammonium, carbonaceous aerosols, mineral dust and sea spray), which are also called particulate matter (PM), and chemically reactive gases (methane, ozone, some halogenated compounds, nitrogen oxides, carbon monoxide, non-methane volatile organic compounds, sulphur dioxide and ammonia). Except for methane and some halogenated compounds whose lifetimes are about a decade or more, SLCF abundances are spatially highly heterogeneous since they only persist in the atmosphere from a few hours to a couple of months. SLCFs are either radiatively active or influence the abundances of radiatively active compounds through chemistry (chemical adjustments), and their climate effect occurs predominantly in the first two decades after their emission or formation. They can have either a cooling or warming effect on climate, and they also affect precipitation and other climate variables. Methane and some halogenated compounds are included in climate treaties, unlike the other SLCFs that are nevertheless indirectly affected by climate change mitigation since many of them are often co-emitted with CO2 in combustion processes. This chapter assesses the changes, in the past and in a selection of possible futures, of the emissions and abundances of individual SLCFs primarily on global to continental scales, and how these changes affect the Earth’s energy balance through radiative forcing and feedback in the climate system. The attribution of climate and air-quality changes to emissions sectors and regions, and the effects of SLCF mitigations defined for various environmental purposes, are also assessed."
https://doi.org/10.1017/9781009157896.009,https://openalex.org/W4382358731,International audience
https://doi.org/10.1017/9781009157896.010,https://openalex.org/W4382358556,"This chapter assesses multiple lines of evidence to evaluate past, present and future changes in the global water cycle. It complements material in Chapters 2, 3, and 4 on observed and projected changes in the water cycle, and Chapters 10 and 11 on regional climate change and extreme events. The assessment includes the physical basis for water cycle changes, observed changes in the water cycle and attribution of their causes, future projections and related key uncertainties, and the potential for abrupt change. Paleoclimate evidence, observations, reanalyses and global and regional model simulations are considered. The assessment shows widespread, non-uniform human-caused alterations of the water cycle, which have been obscured by a competition between different drivers across the 20th century that will be increasingly dominated by greenhouse gas (GHG) forcing at the global scale."
https://doi.org/10.1017/9781009157896.011,https://openalex.org/W4382358495,"This chapter assesses past and projected changes in the ocean, cryosphere and sea level using paleo reconstructions, instrumental observations and model simulations. In the following summary, we update and expand the related assessments from the IPCC Fifth Assessment Report (AR5), the Special Report on Global Warming of 1.5ºC (SR1.5) and the Special Report on Ocean and Cryosphere in a Changing Climate (SROCC). Major advances in this chapter since the SROCC include the synthesis of extended and new observations, which allows for improved assessment of past change, processes and budgets for the last century, and the use of a hierarchy of models and emulators, which provide improved projections and uncertainty estimates of future change. In addition, the systematic use of model emulators makes our projections of ocean heat content, land-ice loss and sea level rise fully consistent both with each other and with the assessed equilibrium climate sensitivity and projections of global surface air temperature across the entire report. In this executive summary, uncertainty ranges are reported as &lt;i&gt;very likely&lt;i&gt; ranges and expressed by square brackets, unless otherwise noted."
https://doi.org/10.1017/9781009157896.012,https://openalex.org/W3198347438,"A summary is not available for this content so a preview has been provided. As you have access to this content, a full PDF is available via the 'Save PDF' action button."
https://doi.org/10.1017/9781009157896.013,https://openalex.org/W3215426448,"This chapter assesses changes in weather and climate extremes on regional and global scales, including observed changes and their attribution, as well as projected changes. The extremes considered include temperature extremes, heavy precipitation and pluvial floods, river floods, droughts, storms (including tropical cyclones), as well as compound events (multivariate and concurrent extremes). The assessment focuses on land regions excluding Antarctica."
https://doi.org/10.1017/9781009157896.014,https://openalex.org/W4382358998,This is Chapter 12 of the IPCC Working Group 1 6th Assessment Report. It summarises the implications of climate change for impacts and risk assessment.
https://doi.org/10.1017/9781009157896.021,https://openalex.org/W4382358618,"A summary is not available for this content so a preview has been provided. As you have access to this content, a full PDF is available via the 'Save PDF' action button."
https://doi.org/10.1017/9781009325844,https://openalex.org/W4382362038,"The Working Group II contribution to the Sixth Assessment Report of the Intergovernmental Panel on Climate Change (IPCC) provides a comprehensive assessment of the scientific literature relevant to climate change impacts, adaptation and vulnerability. The report recognizes the interactions of climate, ecosystems and biodiversity, and human societies, and integrates across the natural, ecological, social and economic sciences. It emphasizes how efforts in adaptation and in reducing greenhouse gas emissions can come together in a process called climate resilient development, which enables a liveable future for biodiversity and humankind. The IPCC is the leading body for assessing climate change science. IPCC reports are produced in comprehensive, objective and transparent ways, ensuring they reflect the full range of views in the scientific literature. Novel elements include focused topical assessments, and an atlas presenting observed climate change impacts and future risks from global to regional scales. Available as Open Access on Cambridge Core."
https://doi.org/10.1017/9781009325844.001,https://openalex.org/W4382363608,"This Summary for Policymakers (SPM) presents key findings of the Working Group II (WGII) contribution to the Sixth Assessment Report (AR6) of the IPCC. The report builds on the WGII contribution to the Fifth Assessment Report (AR5) of the IPCC, three Special Reports, and the Working Group I (WGI) contribution to the AR6 cycle. This report recognizes the interdependence of climate, ecosystems and biodiversity3, and human societies (Figure SPM.1) and integrates knowledge more strongly across the natural, ecological, social and economic sciences than earlier IPCC assessments. The assessment of climate change impacts and risks as well as adaptation is set against concurrently unfolding non-climatic global trends e.g., biodiversity loss, overall unsustainable consumption of natural resources, land and ecosystem degradation, rapid urbanisation, human demographic shifts, social and economic inequalities and a pandemic."
https://doi.org/10.1017/9781009325844.002,https://openalex.org/W4382363579,"&lt;p&gt;Pörtner, H.O., D.C. Roberts, H. Adams, I. Adelekan, C. Adler, R. Adrian, P. Aldunce, E. Ali, R. Ara Begum, B. Bednar-Friedl, R. Bezner Kerr, R. Biesbroek, J. Birkmann, K. Bowen, M.A. Caretta, J. Carnicer, E. Castellanos, T.S. Cheong, W. Chow, G. Cissé, S. Clayton, A. Constable, S.R. Cooley, M.J. Costello, M. Craig, W. Cramer, R. Dawson, D. Dodman, J. Efitre, M. Garschagen, E.A. Gilmore, B.C. Glavovic, D. Gutzler, M. Haasnoot, S. Harper, T. Hasegawa, B. Hayward, J.A. Hicke, Y. Hirabayashi, C. Huang, K. Kalaba, W. Kiessling, A. Kitoh, R. Lasco, J. Lawrence, M.F. Lemos, R. Lempert, C. Lennard, D. Ley, T. Lissner, Q. Liu, E. Liwenga, S. Lluch-Cota, S. Löschke, S. Lucatello, Y. Luo, B. Mackey, K. Mintenbeck, A. Mirzabaev, V. Möller, M. Moncassim Vale, M.D. Morecroft, L. Mortsch, A. Mukherji, T. Mustonen, M. Mycoo, J. Nalau, M. New, A. Okem, J.P. Ometto, B. O’Neill, R. Pandey, C. Parmesan, M. Pelling, P.F. Pinho, J. Pinnegar, E.S. Poloczanska, A. Prakash, B. Preston, M.F. Racault, D. Reckien, A. Revi, S.K. Rose, E.L.F. Schipper, D.N. Schmidt, D. Schoeman, R. Shaw, N.P. Simpson, C. Singh, W. Solecki, L. Stringer, E. Totin, C.H. Trisos, Y. Trisurat, M. van Aalst, D. Viner, M. Wairiu, R. Warren, P. Wester, D. Wrathall, and Z. Zaiton Ibrahim&lt;/p&gt;"
https://doi.org/10.1017/9781009325844.003,https://openalex.org/W4382362865,"High-level statements:&#13;\n• Adaptation knowledge consists of a diverse set of sources including academic research, applied analysis, and practice and experience&#13;\nwith projects and policy on the ground.&#13;\n• Adaptation science encompasses both research ‘on adaptation’, documenting and analysing experiences of adaptation, and ‘for&#13;\nadaptation’, aiming to advance the planning and implementation of adaptation.&#13;\n• The nature of adaptation research is diversifying and examines different approaches from local case studies to more global,&#13;\ntransboundary, comparative and interactive perspectives, although critical conceptual and empirical gaps remain in defining&#13;\neffectiveness in adaptation and measuring adaptation progress."
https://doi.org/10.1017/9781009325844.004,https://openalex.org/W4382363505,"Chapter 2, building on prior assessments1, provides a global assessment of the observed impacts and projected risks of climate change to terrestrial and freshwater ecosystems, including their component species and the services they provide to people. Where possible, differences among regions, taxonomic groups and ecosystem types are presented. Adaptation options to reduce risks to ecosystems and people are assessed."
https://doi.org/10.1017/9781009325844.005,https://openalex.org/W4382363666,International audience
https://doi.org/10.1017/9781009325844.006,https://openalex.org/W4382363526,"This chapter assesses observed and projected climate-induced changes in the water cycle, their current impacts and future risks on human and natural systems and the benefits and effectiveness of water-related adaptation efforts now and in the future."
https://doi.org/10.1017/9781009325844.007,https://openalex.org/W4382363604,"A summary is not available for this content so a preview has been provided. As you have access to this content, a full PDF is available via the ‘Save PDF’ action button."
https://doi.org/10.1017/9781009325844.008,https://openalex.org/W4382363503,"Author(s): Dodman, David; Hayward, Bronwyn; Pelling, Mark; Castán Broto, Vanesa; Chow, Winston; Chu, Eric; Dawson, Richard; Khirfan, Luna; McPhearson, Timon; Prakash, Anjal; Zheng, Yan; Ziervogel, Gina | Editor(s): Pörtner, Hans-Otto; Roberts, Debra; Tignor, Melinda; Poloczanska, Elvira; Mintenbeck, Katja; Alegría, Andrés; Craig, Marlies; Langsdorf, Stefanie; Löshke, Sina; Möller, Vincent; Okem, Andrew; Rama, Bardhyl"
https://doi.org/10.1017/9781009325844.009,https://openalex.org/W4382361937,"Chapter 7, Box 7.1: Studies on climate change as it affects the health of Indigenous Peoples generally focus on non-displaced indigenous groups; that is, Indigenous Peoples maintaining culturally important elements of a land-based traditional lifestyle. Here we use an eco-medicine perspective in which the impacts of climate change on health are divided into primary, secondary and tertiary effects, as discussed below. Many analyses of indigenous health in relation to climate change use the One Health concept."
https://doi.org/10.1017/9781009325844.010,https://openalex.org/W2991859140,peer reviewed
https://doi.org/10.1017/9781009325844.011,https://openalex.org/W4382361932,"Africa is one of the lowest contributors to greenhouse gas emissions causing climate change, yet key development sectors&#13;\nhave already experienced widespread losses and damages attributable to human-induced climate change, including biodiversity loss, water shortages, reduced food production, loss of lives and reduced economic growth (high confidence)."
https://doi.org/10.1017/9781009325844.012,https://openalex.org/W4382362799,"A summary is not available for this content so a preview has been provided. As you have access to this content, a full PDF is available via the 'Save PDF' action button."
https://doi.org/10.1017/9781009325844.013,https://openalex.org/W4382363397,"Observed changes and impacts Ongoing climate trends have exacerbated many extreme events (very high confidence). The Australian trends include further warming and sea level rise sea level rise (SLR), with more hot days and heatwaves, less snow, more rainfall in the north, less April–October rainfall in the southwest and southeast and more extreme fire weather days in the south and east. The New Zealand trends include further warming and sea level rise (SLR), more hot days and heatwaves, less snow, more rainfall in the south, less rainfall in the north and more extreme fire weather in the east. There have been fewer tropical cyclones and cold days in the region. Extreme events include Australia’s hottest and driest year in 2019 with a record-breaking number of days over 39°C, New Zealand’s hottest year in 2016, three widespread marine heatwaves during 2016–2020, Category 4 Cyclone Debbie in 2017, seven major hailstorms over eastern Australia and two over New Zealand from 2014–2020, three major floods in eastern Australia and three over New Zealand during 2019–2021 and major fires in southern and eastern Australia during 2019–2020."
https://doi.org/10.1017/9781009325844.014,https://openalex.org/W3109144505,"The chapter is divided into two main sections. The first section follows an integrative approach in which hazards, exposure, vulnerability, impacts and risks are discussed following the eight climatically homogeneous sub-regions described in WGI AR6 (Figure 12.1). The second section assesses the implemented and proposed adaptation practices by sector; in doing so, it connects to the WGII AR6 crosschapter themes. The storyline is then a description of the hazards, exposure, vulnerability and impacts providing as much detail as is available in the literature at the sub-regional level, followed by the&#13;\nidentification of risks as a result of the interaction of those aspects. This integrated sub-regional approach ensures a balance in the text, particularly for countries that are usually underrepresented in the literature but that show a high level of vulnerability and impacts, such as those observed in CA. The sectoral assessment of adaptation that follows is useful for policymakers and implementers, usually focused and organised by sectors, government ministries or secretaries that can easily locate the relevant adaptation information for their particular sector. To ensure coherence in the chapter, a summary of the assessed adaptation options by key risks is presented, followed by a feasibility assessment for some relevant adaptation options. The chapter closes&#13;\nwith case studies and a discussion of the knowledge gaps evidenced in the process of the assessment."
https://doi.org/10.1017/9781009325844.015,https://openalex.org/W4382363568,"Our current 1.1°C warmer world is already affecting natural and human systems in Europe (very high confidence1). Since AR5, there has been a substantial increase in detected or attributed impacts of climate change in Europe, including extreme events (high confidence). Impacts of compound hazards of warming and precipitation have become more frequent (medium confidence). Climate change has resulted in losses of, and damages to, people, ecosystems, food systems, infrastructure, energy and water availability, public health and the economy (very high confidence)."
https://doi.org/10.1017/9781009325844.016,https://openalex.org/W4382363059,"A summary is not available for this content so a preview has been provided. As you have access to this content, a full PDF is available via the 'Save PDF' action button."
https://doi.org/10.1017/9781009325844.017,https://openalex.org/W4382363037,"A sense of urgency is prevalent among small islands in the combating of climate change and in adherence to the Paris Agreement to limit global warming to 1.5°C above pre-industrial levels. Small islands are increasingly affected by increases in temperature, the growing impacts of tropical cyclones (TCs), storm surges, droughts, changing precipitation patterns, sea level rise (SLR), coral bleaching and invasive species, all of which are already detectable across both natural and human systems (very high confidence1 ) {15.3.3.1, 15.3.3.2, 15.3.3.3, 15.3.4.1, 15.3.4.2, 15.3.4.3, 15.3.4.4, 15.3.4.5, 15.3.4.7}."
https://doi.org/10.1017/9781009325844.018,https://openalex.org/W4382363636,"A summary is not available for this content so a preview has been provided. As you have access to this content, a full PDF is available via the ‘Save PDF’ action button."
https://doi.org/10.1017/9781009325844.019,https://openalex.org/W4382361936,"A summary is not available for this content so a preview has been provided. As you have access to this content, a full PDF is available via the 'Save PDF' action button."
https://doi.org/10.1017/9781009325844.020,https://openalex.org/W4382363669,"A summary is not available for this content so a preview has been provided. As you have access to this content, a full PDF is available via the 'Save PDF' action button."
https://doi.org/10.1017/9781009325844.021,https://openalex.org/W4382363683,"A summary is not available for this content so a preview has been provided. As you have access to this content, a full PDF is available via the ‘Save PDF’ action button."
https://doi.org/10.1017/9781009325844.022,https://openalex.org/W4382363207,"Mountains are highly significant regions in the context of climate change and sustainable development. They lie at the intersection of accelerated warming and large populations that depend directly or indirectly on them. They are regions of high biological and cultural diversity and provide vital goods and services to people living in and around mountain regions and in downstream areas. Building on the IPCC’s Fifth Assessment Report (AR5), Chapter 2, ‘High Mountain Areas’, of the Special Report on the Ocean and Cryosphere in a Changing Climate (SROCC) (Hock et al., 2019), and the IPCC Working Group I contribution to AR6 (IPCC, 2021), this Cross-Chapter Paper (CCP) assesses new evidence on observed and projected climate change impacts in mountain regions, their associated key risks and adaptation measures."
https://doi.org/10.1017/9781009325844.023,https://openalex.org/W4382361926,"A summary is not available for this content so a preview has been provided. As you have access to this content, a full PDF is available via the ‘Save PDF’ action button."
https://doi.org/10.1017/9781009325844.024,https://openalex.org/W4382361947,"A summary is not available for this content so a preview has been provided. As you have access to this content, a full PDF is available via the 'Save PDF' action button."
https://doi.org/10.1017/9781009325844.025,https://openalex.org/W4382362903,"A summary is not available for this content so a preview has been provided. As you have access to this content, a full PDF is available via the ‘Save PDF’ action button."
https://doi.org/10.1017/9781009325844.026,https://openalex.org/W4382363544,0
https://doi.org/10.1017/9781009325844.027,https://openalex.org/W4382361919,"A summary is not available for this content so a preview has been provided. As you have access to this content, a full PDF is available via the 'Save PDF' action button."
https://doi.org/10.1017/9781009157926,https://openalex.org/W3216798413,"This Working Group III contribution to the IPCC Sixth Assessment Report provides a comprehensive and transparent assessment of the literature on climate change mitigation. The report assesses progress in climate change mitigation options for reducing emissions and enhancing sinks. With greenhouse gas emissions at the highest levels in human history, this report provides options to achieve net zero, as pledged by many countries. The report highlights for the first time the social and demand-side aspects of climate mitigation, and assesses the literature on human behaviour, lifestyle, and culture, and its implications for mitigation action. It brings a wide range of disciplines, notably from the social sciences, within the scope of the assessment. IPCC reports are a trusted source for decision makers, policymakers, and stakeholders at all levels (international, regional, national, local) and in all branches (government, businesses, NGOs). Available as Open Access on Cambridge Core."
https://doi.org/10.1017/9781009157926.001,https://openalex.org/W4385168292,"The Working Group III (WGIII) contribution to the IPCC’s Sixth Assessment Report (AR6) assesses literature on the scientific, technological, environmental, economic and social aspects of mitigation of climate change.The report reflects new findings in the relevant literature and builds on previous IPCC reports, including the WGIII contribution to the IPCC’s Fifth Assessment Report (AR5), the WGI and WGII contributions to AR6 and the three Special Reports in the Sixth Assessment cycle, as well as other UN assessments."
https://doi.org/10.1017/9781009157926.002,https://openalex.org/W4385229598,"A summary is not available for this content so a preview has been provided. As you have access to this content, a full PDF is available via the ‘Save PDF’ action button."
https://doi.org/10.1017/9781009157926.003,https://openalex.org/W4385159767,"A summary is not available for this content so a preview has been provided. As you have access to this content, a full PDF is available via the ‘Save PDF’ action button."
https://doi.org/10.1017/9781009157926.004,https://openalex.org/W4385228868,"Global net anthropogenic greenhouse gas (GHG) emissions during the last decade (2010–2019) were higher than at any previous time in human history (high confidence). Since 2010, GHG emissions have continued to grow, reaching 59 ± 6.6 GtCO2-eq in 2019,1 but the average annual growth in the last decade (1.3%, 2010–2019) was lower than in the previous decade (2.1%, 2000–2009) (high confidence). Average annual GHG emissions were 56 ± 6.0 GtCO2-eq yr –1 for the decade 2010–2019 growing by about 9.1 GtCO2-eq yr –1 from the previous decade (2000–2009) – the highest decadal average on record (high confidence)."
https://doi.org/10.1017/9781009157926.005,https://openalex.org/W4385160319,\n Contains fulltext :\n 287864.pdf (Publisher’s version ) (Open Access)\n
https://doi.org/10.1017/9781009157926.006,https://openalex.org/W4385229201,"This chapter focuses on accelerating mitigation and on shifting development pathways to increased sustainability, based on literature particularly at national scale. While previous WGIII assessments have discussed mitigation pathways, focus on development pathways is more recent. The timeframe is the near term (now up to 2030) to mid-term (2030 to 2050), complementing Chapter 3 on the long term (from 2050 onward)."
https://doi.org/10.1017/9781009157926.007,https://openalex.org/W4315969330,"Assessment of the social science literature and regional case studies reveals how social norms, culture, and individual choices interact with infrastructure and other structural changes over time. This provides new insight into climate change mitigation strategies, and how economic and social activity might be organised across sectors to support emission reductions. To enhance well-being, people demand services and not primary energy and physical resources per se. Focusing on demand for services and the different social and political roles people play broadens the participation in climate action."
https://doi.org/10.1017/9781009157926.008,https://openalex.org/W4385162120,"Innovation in climate mitigation technologies has seen enormous activity and significant progress in recent years. Innovation has also led to, and exacerbated, trade-offs in relation to sustainable development. (high confidence). Innovation, can leverage action to mitigate climate change by reinforcing other interventions. In conjunction with other enabling conditions innovation can support system transitions to limit warming and help shift development pathways. The currently widespread implementation of solar photovoltaic (solar PV) and LEDs, for instance, could not have happened without technological innovation (high confidence). Technological innovation can also bring about new and improved ways of0 delivering services that are essential to human well-being. At the same time as delivering benefits, innovation can result in trade-offs that undermine both progress on mitigation and progress towards other sustainable development goals. Trade-offs include negative externalities – for instance greater environmental pollution and social inequalities – rebound effects leading to lower net emission reductions or even increases in emissions, and increased dependency on foreign knowledge and providers (high confidence). Effective governance and policy has the potential to avoid and minimise such misalignments (medium evidence, high agreement)."
https://doi.org/10.1017/9781009157926.009,https://openalex.org/W4385159963,"The Agriculture, Forestry and Other Land Use (AFOLU) sector encompasses managed ecosystems and offers significant mitigation opportunities while delivering food, wood and other renewable resources as well as biodiversity conservation, provided the sector adapts to climate change. Land-based mitigation measures represent some of the most important options currently available. They can both deliver carbon dioxide removal (CDR) and substitute for fossil fuels, thereby enabling emissions reductions in other sectors. The rapid deployment of AFOLU measures is essential in all pathways staying within the limits of the remaining budget for a 1.5°C target (high confidence). Where carefully and appropriately implemented, AFOLU mitigation measures are uniquely positioned to deliver substantial co-benefits and help address many of the wider challenges associated with land management. If AFOLU measures are deployed badly then, when taken together with the increasing need to produce sufficient food, feed, fuel and wood, they may exacerbate trade-offs with the conservation of habitats, adaptation, biodiversity and other services. At the same time the capacity of the land to support these functions may be threatened by climate change itself (high confidence)."
https://doi.org/10.1017/9781009157926.010,https://openalex.org/W4385168567,"A summary is not available for this content so a preview has been provided. As you have access to this content, a full PDF is available via the ‘Save PDF’ action button."
https://doi.org/10.1017/9781009157926.011,https://openalex.org/W4385228992,"A summary is not available for this content so a preview has been provided. As you have access to this content, a full PDF is available via the ‘Save PDF’ action button."
https://doi.org/10.1017/9781009157926.012,https://openalex.org/W4385159924,"Meeting climate mitigation goals would require transformative changes in the transport sector (high confidence). In 2019, direct greenhouse gas (GHG) emissions from the transport sector were 8.7 GtCO2-eq (up from 5.0 GtCO2-eq in 1990) and accounted for 23% of global energy-related CO2 emissions. 70% of direct transport emissions came from road vehicles, while 1%, 11%, and 12% came from rail, shipping, and aviation, respectively. Emissions from shipping and aviation continue to grow rapidly. Transport related emissions in developing regions of the world have increased more rapidly than in Europe or North America, a trend that is likely to continue in coming decades (high confidence)."
https://doi.org/10.1017/9781009157926.013,https://openalex.org/W4385168299,"Chapter 11 Industry 11There are several technological options for very low to zero emissions steel, but their uptake will require integrated material efficiency, recycling, and production decarbonisation policies (high confidence).Material efficiency can potentially reduce steel demand by up to 40% based on design for less steel use, long life, reuse, constructability, and low contamination recycling.Secondary production through high quality recycling must be maximised.Production decarbonisation will also be required, starting with the retrofitting of existing facilities for partial fuel switching (e.g., to biomass or hydrogen), CCU and CCS, followed by very low and zero emissions production based on high-capture CCS or direct hydrogen, or electrolytic iron ore reduction followed by an electric arc furnace.{11.3.2, 11.4.1.1}There are several current and near-horizon options to greatly reduce cement and concrete emissions.Producer, user, and regulator education, as well as innovation and commercialisation policy are needed (medium confidence).Cement and concrete are currently overused because they are inexpensive, durable, and ubiquitous, and consumption decisions typically do not give weight to their production emissions.Basic material efficiency efforts to use only well-made concrete thoughtfully and only where needed (e.g., using right-sized, prefabricated components) could reduce emissions by 24-50% through lower demand for clinker.Cementitious material substitution with various materials (e.g., ground limestone and calcined clays) can reduce process calcination emissions by up to 50% and occasionally much more.Until a very low GHG emissions alternative binder to Portland cement is commercialised, which does not look promising in the near to medium term, CCS will be essential for eliminating the limestone calcination process emissions for making clinker, which currently represent 60% of GHG emissions in best available technology plants.{11.3.2, 11.3.6,11.4.1.2}While several technological options exist for decarbonising the main industrial feedstock chemicals and their derivatives, the costs vary widely (high confidence).Fossil fuelbased feedstocks are inexpensive and still without carbon pricing, and their biomass-and electricity-based replacements will likely be more expensive.The chemical industry consumes large amounts of hydrogen, ammonia, methanol, carbon monoxide, ethylene, propylene, benzene, toluene, and mixed xylenes and aromatics from fossil feedstock, and from these basic chemicals produces tens of thousands of derivative end-use chemicals.Hydrogen, biogenic or aircapture carbon, and collected plastic waste for the primary feedstocks can greatly reduce total emissions.Biogenic carbon feedstock is likely to be limited due to competing land uses.{11.4.1.3}Light industry and manufacturing can be largely decarbonised through switching to low GHG fuels (e.g., biofuels and hydrogen) and electricity (e.g., for electrothermal heating and heat pumps) (high confidence).Most of these technologies are already mature, for example, for low temperature heat, but a major challenge is the current low cost of fossil methane and coal relative to low and zero GHG electricity, hydrogen, and biofuels.{11.4.1."
https://doi.org/10.1017/9781009157926.014,https://openalex.org/W4385229562,"A summary is not available for this content so a preview has been provided. As you have access to this content, a full PDF is available via the ‘Save PDF’ action button."
https://doi.org/10.1017/9781009157926.015,https://openalex.org/W4385159746,"A summary is not available for this content so a preview has been provided. As you have access to this content, a full PDF is available via the ‘Save PDF’ action button."
https://doi.org/10.1017/9781009157926.016,https://openalex.org/W4385168399,"A summary is not available for this content so a preview has been provided. As you have access to this content, a full PDF is available via the ‘Save PDF’ action button."
https://doi.org/10.1017/9781009157926.017,https://openalex.org/W4385228317,"A summary is not available for this content so a preview has been provided. As you have access to this content, a full PDF is available via the ‘Save PDF’ action button."
https://doi.org/10.1017/9781009157926.018,https://openalex.org/W4385168330,"A summary is not available for this content so a preview has been provided. As you have access to this content, a full PDF is available via the ‘Save PDF’ action button."
https://doi.org/10.1017/9781009157926.019,https://openalex.org/W4385228336,"A summary is not available for this content so a preview has been provided. As you have access to this content, a full PDF is available via the ‘Save PDF’ action button."
